Дата,Час,temperature,datetime
01.04.2025,01:00,10.6,01.04.2025 01:00
01.04.2025,02:00,10.3,01.04.2025 02:00
01.04.2025,03:00,10,01.04.2025 03:00
01.04.2025,04:00,9.9,01.04.2025 04:00
01.04.2025,05:00,10.1,01.04.2025 05:00
01.04.2025,06:00,10.4,01.04.2025 06:00
01.04.2025,07:00,10.5,01.04.2025 07:00
01.04.2025,08:00,10.6,01.04.2025 08:00
01.04.2025,09:00,10.8,01.04.2025 09:00
01.04.2025,10:00,11.4,01.04.2025 10:00
01.04.2025,11:00,11.6,01.04.2025 11:00
01.04.2025,12:00,12.1,01.04.2025 12:00
01.04.2025,13:00,12.7,01.04.2025 13:00
01.04.2025,14:00,11.9,01.04.2025 14:00
01.04.2025,15:00,11.7,01.04.2025 15:00
01.04.2025,16:00,11.5,01.04.2025 16:00
01.04.2025,17:00,11.7,01.04.2025 17:00
01.04.2025,18:00,11.2,01.04.2025 18:00
01.04.2025,19:00,11.1,01.04.2025 19:00
01.04.2025,20:00,11.1,01.04.2025 20:00
01.04.2025,21:00,10.8,01.04.2025 21:00
01.04.2025,22:00,10.6,01.04.2025 22:00
01.04.2025,23:00,10.6,01.04.2025 23:00
01.04.2025,24:00,10.9,01.04.2025 24:00
02.04.2025,01:00,10.8,02.04.2025 01:00
02.04.2025,02:00,10.7,02.04.2025 02:00
02.04.2025,03:00,10.4,02.04.2025 03:00
02.04.2025,04:00,10.3,02.04.2025 04:00
02.04.2025,05:00,10.1,02.04.2025 05:00
02.04.2025,06:00,10,02.04.2025 06:00
02.04.2025,07:00,10.3,02.04.2025 07:00
02.04.2025,08:00,10.5,02.04.2025 08:00
02.04.2025,09:00,10.6,02.04.2025 09:00
02.04.2025,10:00,10.9,02.04.2025 10:00
02.04.2025,11:00,11,02.04.2025 11:00
02.04.2025,12:00,11.4,02.04.2025 12:00
02.04.2025,13:00,11.4,02.04.2025 13:00
02.04.2025,14:00,12,02.04.2025 14:00
02.04.2025,15:00,12.2,02.04.2025 15:00
02.04.2025,16:00,13.1,02.04.2025 16:00
02.04.2025,17:00,13.5,02.04.2025 17:00
02.04.2025,18:00,13.7,02.04.2025 18:00
02.04.2025,19:00,13.2,02.04.2025 19:00
02.04.2025,20:00,12.3,02.04.2025 20:00
02.04.2025,21:00,11.6,02.04.2025 21:00
02.04.2025,22:00,11.3,02.04.2025 22:00
02.04.2025,23:00,11.3,02.04.2025 23:00
02.04.2025,24:00,11.2,02.04.2025 24:00
03.04.2025,01:00,11.2,03.04.2025 01:00
03.04.2025,02:00,11.6,03.04.2025 02:00
03.04.2025,03:00,11.8,03.04.2025 03:00
03.04.2025,04:00,11.7,03.04.2025 04:00
03.04.2025,05:00,11,03.04.2025 05:00
03.04.2025,06:00,10.7,03.04.2025 06:00
03.04.2025,07:00,10.6,03.04.2025 07:00
03.04.2025,08:00,11,03.04.2025 08:00
03.04.2025,09:00,11.7,03.04.2025 09:00
03.04.2025,10:00,12,03.04.2025 10:00
03.04.2025,11:00,13.4,03.04.2025 11:00
03.04.2025,12:00,13.5,03.04.2025 12:00
03.04.2025,13:00,12.9,03.04.2025 13:00
03.04.2025,14:00,13.3,03.04.2025 14:00
03.04.2025,15:00,13.8,03.04.2025 15:00
03.04.2025,16:00,14.5,03.04.2025 16:00
03.04.2025,17:00,14.3,03.04.2025 17:00
03.04.2025,18:00,13.5,03.04.2025 18:00
03.04.2025,19:00,12.6,03.04.2025 19:00
03.04.2025,20:00,11.7,03.04.2025 20:00
03.04.2025,21:00,11.4,03.04.2025 21:00
03.04.2025,22:00,10.9,03.04.2025 22:00
03.04.2025,23:00,10.4,03.04.2025 23:00
03.04.2025,24:00,9.9,03.04.2025 24:00
04.04.2025,01:00,9.7,04.04.2025 01:00
04.04.2025,02:00,9.6,04.04.2025 02:00
04.04.2025,03:00,9.5,04.04.2025 03:00
04.04.2025,04:00,9.5,04.04.2025 04:00
04.04.2025,05:00,9,04.04.2025 05:00
04.04.2025,06:00,8.8,04.04.2025 06:00
04.04.2025,07:00,9.1,04.04.2025 07:00
04.04.2025,08:00,9.4,04.04.2025 08:00
04.04.2025,09:00,10,04.04.2025 09:00
04.04.2025,10:00,11.1,04.04.2025 10:00
04.04.2025,11:00,11.9,04.04.2025 11:00
04.04.2025,12:00,13.6,04.04.2025 12:00
04.04.2025,13:00,15,04.04.2025 13:00
04.04.2025,14:00,16.4,04.04.2025 14:00
04.04.2025,15:00,16.5,04.04.2025 15:00
04.04.2025,16:00,17.5,04.04.2025 16:00
04.04.2025,17:00,15.8,04.04.2025 17:00
04.04.2025,18:00,13.3,04.04.2025 18:00
04.04.2025,19:00,13,04.04.2025 19:00
04.04.2025,20:00,12.8,04.04.2025 20:00
04.04.2025,21:00,11.8,04.04.2025 21:00
04.04.2025,22:00,11.2,04.04.2025 22:00
04.04.2025,23:00,10.8,04.04.2025 23:00
04.04.2025,24:00,9.9,04.04.2025 24:00
05.04.2025,01:00,9.6,05.04.2025 01:00
05.04.2025,02:00,8.7,05.04.2025 02:00
05.04.2025,03:00,7.7,05.04.2025 03:00
05.04.2025,04:00,7,05.04.2025 04:00
05.04.2025,05:00,6.8,05.04.2025 05:00
05.04.2025,06:00,6.7,05.04.2025 06:00
05.04.2025,07:00,6.6,05.04.2025 07:00
05.04.2025,08:00,7.5,05.04.2025 08:00
05.04.2025,09:00,9.1,05.04.2025 09:00
05.04.2025,10:00,11.7,05.04.2025 10:00
05.04.2025,11:00,13.2,05.04.2025 11:00
05.04.2025,12:00,14.9,05.04.2025 12:00
05.04.2025,13:00,15.5,05.04.2025 13:00
05.04.2025,14:00,17.1,05.04.2025 14:00
05.04.2025,15:00,18.1,05.04.2025 15:00
05.04.2025,16:00,16.5,05.04.2025 16:00
05.04.2025,17:00,16.5,05.04.2025 17:00
05.04.2025,18:00,16.1,05.04.2025 18:00
05.04.2025,19:00,14.8,05.04.2025 19:00
05.04.2025,20:00,14.3,05.04.2025 20:00
05.04.2025,21:00,12.9,05.04.2025 21:00
05.04.2025,22:00,11.5,05.04.2025 22:00
05.04.2025,23:00,10.3,05.04.2025 23:00
05.04.2025,24:00,9.8,05.04.2025 24:00
06.04.2025,01:00,9.2,06.04.2025 01:00
06.04.2025,02:00,8.9,06.04.2025 02:00
06.04.2025,03:00,8.6,06.04.2025 03:00
06.04.2025,04:00,8.4,06.04.2025 04:00
06.04.2025,05:00,8.2,06.04.2025 05:00
06.04.2025,06:00,9.8,06.04.2025 06:00
06.04.2025,07:00,9.3,06.04.2025 07:00
06.04.2025,08:00,7.8,06.04.2025 08:00
06.04.2025,09:00,6.1,06.04.2025 09:00
06.04.2025,10:00,4.9,06.04.2025 10:00
06.04.2025,11:00,4.6,06.04.2025 11:00
06.04.2025,12:00,3.4,06.04.2025 12:00
06.04.2025,13:00,3.1,06.04.2025 13:00
06.04.2025,14:00,3.2,06.04.2025 14:00
06.04.2025,15:00,3.7,06.04.2025 15:00
06.04.2025,16:00,4.4,06.04.2025 16:00
06.04.2025,17:00,3.6,06.04.2025 17:00
06.04.2025,18:00,3.2,06.04.2025 18:00
06.04.2025,19:00,3,06.04.2025 19:00
06.04.2025,20:00,3.4,06.04.2025 20:00
06.04.2025,21:00,3.4,06.04.2025 21:00
06.04.2025,22:00,2.7,06.04.2025 22:00
06.04.2025,23:00,2.5,06.04.2025 23:00
06.04.2025,24:00,2.4,06.04.2025 24:00
07.04.2025,01:00,2.4,07.04.2025 01:00
07.04.2025,02:00,2.3,07.04.2025 02:00
07.04.2025,03:00,2.1,07.04.2025 03:00
07.04.2025,04:00,1.8,07.04.2025 04:00
07.04.2025,05:00,1.3,07.04.2025 05:00
07.04.2025,06:00,1.1,07.04.2025 06:00
07.04.2025,07:00,0.9,07.04.2025 07:00
07.04.2025,08:00,1.2,07.04.2025 08:00
07.04.2025,09:00,2.9,07.04.2025 09:00
07.04.2025,10:00,4.7,07.04.2025 10:00
07.04.2025,11:00,5.2,07.04.2025 11:00
07.04.2025,12:00,5.3,07.04.2025 12:00
07.04.2025,13:00,5.3,07.04.2025 13:00
07.04.2025,14:00,3.6,07.04.2025 14:00
07.04.2025,15:00,3.6,07.04.2025 15:00
07.04.2025,16:00,4.8,07.04.2025 16:00
07.04.2025,17:00,5.6,07.04.2025 17:00
07.04.2025,18:00,5.6,07.04.2025 18:00
07.04.2025,19:00,5.9,07.04.2025 19:00
07.04.2025,20:00,4.5,07.04.2025 20:00
07.04.2025,21:00,3.7,07.04.2025 21:00
07.04.2025,22:00,3,07.04.2025 22:00
07.04.2025,23:00,2.1,07.04.2025 23:00
07.04.2025,24:00,1.8,07.04.2025 24:00
08.04.2025,01:00,1.6,08.04.2025 01:00
08.04.2025,02:00,1.4,08.04.2025 02:00
08.04.2025,03:00,1.1,08.04.2025 03:00
08.04.2025,04:00,0.4,08.04.2025 04:00
08.04.2025,05:00,-0.5,08.04.2025 05:00
08.04.2025,06:00,-0.2,08.04.2025 06:00
08.04.2025,07:00,-0.3,08.04.2025 07:00
08.04.2025,08:00,1.3,08.04.2025 08:00
08.04.2025,09:00,3.3,08.04.2025 09:00
08.04.2025,10:00,4.2,08.04.2025 10:00
08.04.2025,11:00,5.5,08.04.2025 11:00
08.04.2025,12:00,6.5,08.04.2025 12:00
08.04.2025,13:00,7.3,08.04.2025 13:00
08.04.2025,14:00,8.1,08.04.2025 14:00
08.04.2025,15:00,8.8,08.04.2025 15:00
08.04.2025,16:00,9.2,08.04.2025 16:00
08.04.2025,17:00,9.4,08.04.2025 17:00
08.04.2025,18:00,9,08.04.2025 18:00
08.04.2025,19:00,7.9,08.04.2025 19:00
08.04.2025,20:00,6.6,08.04.2025 20:00
08.04.2025,21:00,5.9,08.04.2025 21:00
08.04.2025,22:00,4.3,08.04.2025 22:00
08.04.2025,23:00,3.8,08.04.2025 23:00
08.04.2025,24:00,3.6,08.04.2025 24:00
09.04.2025,01:00,3.4,09.04.2025 01:00
09.04.2025,02:00,3.3,09.04.2025 02:00
09.04.2025,03:00,2.9,09.04.2025 03:00
09.04.2025,04:00,2.4,09.04.2025 04:00
09.04.2025,05:00,0.2,09.04.2025 05:00
09.04.2025,06:00,-0.4,09.04.2025 06:00
09.04.2025,07:00,0.1,09.04.2025 07:00
09.04.2025,08:00,1.7,09.04.2025 08:00
09.04.2025,09:00,4.7,09.04.2025 09:00
09.04.2025,10:00,8,09.04.2025 10:00
09.04.2025,11:00,9.6,09.04.2025 11:00
09.04.2025,12:00,10.9,09.04.2025 12:00
09.04.2025,13:00,11.5,09.04.2025 13:00
09.04.2025,14:00,11.9,09.04.2025 14:00
09.04.2025,15:00,12.1,09.04.2025 15:00
09.04.2025,16:00,13,09.04.2025 16:00
09.04.2025,17:00,13.2,09.04.2025 17:00
09.04.2025,18:00,12.5,09.04.2025 18:00
09.04.2025,19:00,11.6,09.04.2025 19:00
09.04.2025,20:00,10.1,09.04.2025 20:00
09.04.2025,21:00,9.2,09.04.2025 21:00
09.04.2025,22:00,7.8,09.04.2025 22:00
09.04.2025,23:00,6.9,09.04.2025 23:00
09.04.2025,24:00,5.9,09.04.2025 24:00
10.04.2025,01:00,4.6,10.04.2025 01:00
10.04.2025,02:00,3.3,10.04.2025 02:00
10.04.2025,03:00,2.8,10.04.2025 03:00
10.04.2025,04:00,2.9,10.04.2025 04:00
10.04.2025,05:00,3.3,10.04.2025 05:00
10.04.2025,06:00,3,10.04.2025 06:00
10.04.2025,07:00,3.7,10.04.2025 07:00
10.04.2025,08:00,4.8,10.04.2025 08:00
10.04.2025,09:00,7.5,10.04.2025 09:00
10.04.2025,10:00,12.1,10.04.2025 10:00
10.04.2025,11:00,12.8,10.04.2025 11:00
10.04.2025,12:00,12.4,10.04.2025 12:00
10.04.2025,13:00,12.6,10.04.2025 13:00
10.04.2025,14:00,12.8,10.04.2025 14:00
10.04.2025,15:00,12.3,10.04.2025 15:00
10.04.2025,16:00,11.2,10.04.2025 16:00
10.04.2025,17:00,10.2,10.04.2025 17:00
10.04.2025,18:00,10.8,10.04.2025 18:00
10.04.2025,19:00,10.4,10.04.2025 19:00
10.04.2025,20:00,8.8,10.04.2025 20:00
10.04.2025,21:00,8,10.04.2025 21:00
10.04.2025,22:00,7.8,10.04.2025 22:00
10.04.2025,23:00,7.2,10.04.2025 23:00
10.04.2025,24:00,6,10.04.2025 24:00
11.04.2025,01:00,5.7,11.04.2025 01:00
11.04.2025,02:00,4.7,11.04.2025 02:00
11.04.2025,03:00,4.2,11.04.2025 03:00
11.04.2025,04:00,4.2,11.04.2025 04:00
11.04.2025,05:00,4.2,11.04.2025 05:00
11.04.2025,06:00,4.1,11.04.2025 06:00
11.04.2025,07:00,4,11.04.2025 07:00
11.04.2025,08:00,5.5,11.04.2025 08:00
11.04.2025,09:00,6.9,11.04.2025 09:00
11.04.2025,10:00,8,11.04.2025 10:00
11.04.2025,11:00,9.6,11.04.2025 11:00
11.04.2025,12:00,10.5,11.04.2025 12:00
11.04.2025,13:00,11.9,11.04.2025 13:00
11.04.2025,14:00,12.1,11.04.2025 14:00
11.04.2025,15:00,13.1,11.04.2025 15:00
11.04.2025,16:00,13.8,11.04.2025 16:00
11.04.2025,17:00,14.1,11.04.2025 17:00
11.04.2025,18:00,14.1,11.04.2025 18:00
11.04.2025,19:00,14.1,11.04.2025 19:00
11.04.2025,20:00,14,11.04.2025 20:00
11.04.2025,21:00,13.9,11.04.2025 21:00
11.04.2025,22:00,13,11.04.2025 22:00
11.04.2025,23:00,12.7,11.04.2025 23:00
11.04.2025,24:00,12.6,11.04.2025 24:00
12.04.2025,01:00,11.6,12.04.2025 01:00
12.04.2025,02:00,11.6,12.04.2025 02:00
12.04.2025,03:00,12.6,12.04.2025 03:00
12.04.2025,04:00,13.2,12.04.2025 04:00
12.04.2025,05:00,12.7,12.04.2025 05:00
12.04.2025,06:00,11.8,12.04.2025 06:00
12.04.2025,07:00,11.4,12.04.2025 07:00
12.04.2025,08:00,11,12.04.2025 08:00
12.04.2025,09:00,10.9,12.04.2025 09:00
12.04.2025,10:00,11.2,12.04.2025 10:00
12.04.2025,11:00,11.5,12.04.2025 11:00
12.04.2025,12:00,10.9,12.04.2025 12:00
12.04.2025,13:00,11.4,12.04.2025 13:00
12.04.2025,14:00,12.9,12.04.2025 14:00
12.04.2025,15:00,13.6,12.04.2025 15:00
12.04.2025,16:00,14.3,12.04.2025 16:00
12.04.2025,17:00,15,12.04.2025 17:00
12.04.2025,18:00,14.9,12.04.2025 18:00
12.04.2025,19:00,14.4,12.04.2025 19:00
12.04.2025,20:00,12.8,12.04.2025 20:00
12.04.2025,21:00,11.7,12.04.2025 21:00
12.04.2025,22:00,10.6,12.04.2025 22:00
12.04.2025,23:00,10.3,12.04.2025 23:00
12.04.2025,24:00,10.2,12.04.2025 24:00
13.04.2025,01:00,9.2,13.04.2025 01:00
13.04.2025,02:00,7.9,13.04.2025 02:00
13.04.2025,03:00,6.7,13.04.2025 03:00
13.04.2025,04:00,5.7,13.04.2025 04:00
13.04.2025,05:00,5,13.04.2025 05:00
13.04.2025,06:00,4.4,13.04.2025 06:00
13.04.2025,07:00,4.5,13.04.2025 07:00
13.04.2025,08:00,6.7,13.04.2025 08:00
13.04.2025,09:00,9.8,13.04.2025 09:00
13.04.2025,10:00,12.1,13.04.2025 10:00
13.04.2025,11:00,14.2,13.04.2025 11:00
13.04.2025,12:00,15.7,13.04.2025 12:00
13.04.2025,13:00,18,13.04.2025 13:00
13.04.2025,14:00,20.3,13.04.2025 14:00
13.04.2025,15:00,21.9,13.04.2025 15:00
13.04.2025,16:00,22.6,13.04.2025 16:00
13.04.2025,17:00,23,13.04.2025 17:00
13.04.2025,18:00,23.1,13.04.2025 18:00
13.04.2025,19:00,21,13.04.2025 19:00
13.04.2025,20:00,19.2,13.04.2025 20:00
13.04.2025,21:00,16.5,13.04.2025 21:00
13.04.2025,22:00,14.5,13.04.2025 22:00
13.04.2025,23:00,13.6,13.04.2025 23:00
13.04.2025,24:00,13.1,13.04.2025 24:00
14.04.2025,01:00,12.5,14.04.2025 01:00
14.04.2025,02:00,11.2,14.04.2025 02:00
14.04.2025,03:00,10.8,14.04.2025 03:00
14.04.2025,04:00,10.9,14.04.2025 04:00
14.04.2025,05:00,10.9,14.04.2025 05:00
14.04.2025,06:00,11,14.04.2025 06:00
14.04.2025,07:00,10.8,14.04.2025 07:00
14.04.2025,08:00,12.7,14.04.2025 08:00
14.04.2025,09:00,13.8,14.04.2025 09:00
14.04.2025,10:00,14.3,14.04.2025 10:00
14.04.2025,11:00,14.8,14.04.2025 11:00
14.04.2025,12:00,15.2,14.04.2025 12:00
14.04.2025,13:00,15.3,14.04.2025 13:00
14.04.2025,14:00,15.2,14.04.2025 14:00
14.04.2025,15:00,15.6,14.04.2025 15:00
14.04.2025,16:00,15.3,14.04.2025 16:00
14.04.2025,17:00,15.2,14.04.2025 17:00
14.04.2025,18:00,15.3,14.04.2025 18:00
14.04.2025,19:00,14.5,14.04.2025 19:00
14.04.2025,20:00,13.9,14.04.2025 20:00
14.04.2025,21:00,13.3,14.04.2025 21:00
14.04.2025,22:00,13.1,14.04.2025 22:00
14.04.2025,23:00,12.9,14.04.2025 23:00
14.04.2025,24:00,12.9,14.04.2025 24:00
15.04.2025,01:00,13,15.04.2025 01:00
15.04.2025,02:00,12.8,15.04.2025 02:00
15.04.2025,03:00,12.7,15.04.2025 03:00
15.04.2025,04:00,12.4,15.04.2025 04:00
15.04.2025,05:00,12.1,15.04.2025 05:00
15.04.2025,06:00,11.7,15.04.2025 06:00
15.04.2025,07:00,11.3,15.04.2025 07:00
15.04.2025,08:00,11.4,15.04.2025 08:00
15.04.2025,09:00,12.1,15.04.2025 09:00
15.04.2025,10:00,12.8,15.04.2025 10:00
15.04.2025,11:00,12.7,15.04.2025 11:00
15.04.2025,12:00,12.9,15.04.2025 12:00
15.04.2025,13:00,13.8,15.04.2025 13:00
15.04.2025,14:00,14.3,15.04.2025 14:00
15.04.2025,15:00,14.5,15.04.2025 15:00
15.04.2025,16:00,14.4,15.04.2025 16:00
15.04.2025,17:00,14.4,15.04.2025 17:00
15.04.2025,18:00,13.5,15.04.2025 18:00
15.04.2025,19:00,12.6,15.04.2025 19:00
15.04.2025,20:00,11.9,15.04.2025 20:00
15.04.2025,21:00,11.4,15.04.2025 21:00
15.04.2025,22:00,10.7,15.04.2025 22:00
15.04.2025,23:00,10.1,15.04.2025 23:00
15.04.2025,24:00,9.9,15.04.2025 24:00
16.04.2025,01:00,9.7,16.04.2025 01:00
16.04.2025,02:00,9.4,16.04.2025 02:00
16.04.2025,03:00,9.3,16.04.2025 03:00
16.04.2025,04:00,9.7,16.04.2025 04:00
16.04.2025,05:00,9.7,16.04.2025 05:00
16.04.2025,06:00,9.7,16.04.2025 06:00
16.04.2025,07:00,9.7,16.04.2025 07:00
16.04.2025,08:00,10.8,16.04.2025 08:00
16.04.2025,09:00,12.5,16.04.2025 09:00
16.04.2025,10:00,13.6,16.04.2025 10:00
16.04.2025,11:00,15,16.04.2025 11:00
16.04.2025,12:00,18,16.04.2025 12:00
16.04.2025,13:00,19.9,16.04.2025 13:00
16.04.2025,14:00,22.6,16.04.2025 14:00
16.04.2025,15:00,24.2,16.04.2025 15:00
16.04.2025,16:00,25.2,16.04.2025 16:00
16.04.2025,17:00,24.7,16.04.2025 17:00
16.04.2025,18:00,23.8,16.04.2025 18:00
16.04.2025,19:00,21.6,16.04.2025 19:00
16.04.2025,20:00,19.9,16.04.2025 20:00
16.04.2025,21:00,18.8,16.04.2025 21:00
16.04.2025,22:00,18.1,16.04.2025 22:00
16.04.2025,23:00,17.5,16.04.2025 23:00
16.04.2025,24:00,16.9,16.04.2025 24:00
17.04.2025,01:00,16.8,17.04.2025 01:00
17.04.2025,02:00,16.4,17.04.2025 02:00
17.04.2025,03:00,16,17.04.2025 03:00
17.04.2025,04:00,15.8,17.04.2025 04:00
17.04.2025,05:00,15.6,17.04.2025 05:00
17.04.2025,06:00,15.2,17.04.2025 06:00
17.04.2025,07:00,15.3,17.04.2025 07:00
17.04.2025,08:00,16.5,17.04.2025 08:00
17.04.2025,09:00,19,17.04.2025 09:00
17.04.2025,10:00,20.4,17.04.2025 10:00
17.04.2025,11:00,22.1,17.04.2025 11:00
17.04.2025,12:00,23.7,17.04.2025 12:00
17.04.2025,13:00,25,17.04.2025 13:00
17.04.2025,14:00,25.2,17.04.2025 14:00
17.04.2025,15:00,25.5,17.04.2025 15:00
17.04.2025,16:00,26,17.04.2025 16:00
17.04.2025,17:00,25.7,17.04.2025 17:00
17.04.2025,18:00,24.3,17.04.2025 18:00
17.04.2025,19:00,22.7,17.04.2025 19:00
17.04.2025,20:00,21.1,17.04.2025 20:00
17.04.2025,21:00,20,17.04.2025 21:00
17.04.2025,22:00,19.2,17.04.2025 22:00
17.04.2025,23:00,19.4,17.04.2025 23:00
17.04.2025,24:00,19.5,17.04.2025 24:00
18.04.2025,01:00,19.2,18.04.2025 01:00
18.04.2025,02:00,18.5,18.04.2025 02:00
18.04.2025,03:00,17.5,18.04.2025 03:00
18.04.2025,04:00,16.3,18.04.2025 04:00
18.04.2025,05:00,15.7,18.04.2025 05:00
18.04.2025,06:00,15,18.04.2025 06:00
18.04.2025,07:00,15,18.04.2025 07:00
18.04.2025,08:00,15.3,18.04.2025 08:00
18.04.2025,09:00,15.9,18.04.2025 09:00
18.04.2025,10:00,16.9,18.04.2025 10:00
18.04.2025,11:00,18,18.04.2025 11:00
18.04.2025,12:00,19.3,18.04.2025 12:00
18.04.2025,13:00,21,18.04.2025 13:00
18.04.2025,14:00,21.8,18.04.2025 14:00
18.04.2025,15:00,22.4,18.04.2025 15:00
18.04.2025,16:00,21.3,18.04.2025 16:00
18.04.2025,17:00,19.1,18.04.2025 17:00
18.04.2025,18:00,19.4,18.04.2025 18:00
18.04.2025,19:00,18.5,18.04.2025 19:00
18.04.2025,20:00,17.1,18.04.2025 20:00
18.04.2025,21:00,16.2,18.04.2025 21:00
18.04.2025,22:00,16,18.04.2025 22:00
18.04.2025,23:00,15.9,18.04.2025 23:00
18.04.2025,24:00,15.5,18.04.2025 24:00
19.04.2025,01:00,14.1,19.04.2025 01:00
19.04.2025,02:00,13.3,19.04.2025 02:00
19.04.2025,03:00,12.8,19.04.2025 03:00
19.04.2025,04:00,12.8,19.04.2025 04:00
19.04.2025,05:00,12.8,19.04.2025 05:00
19.04.2025,06:00,12.8,19.04.2025 06:00
19.04.2025,07:00,12.6,19.04.2025 07:00
19.04.2025,08:00,12.7,19.04.2025 08:00
19.04.2025,09:00,13.1,19.04.2025 09:00
19.04.2025,10:00,13.8,19.04.2025 10:00
19.04.2025,11:00,14.7,19.04.2025 11:00
19.04.2025,12:00,16.4,19.04.2025 12:00
19.04.2025,13:00,17.5,19.04.2025 13:00
19.04.2025,14:00,18.6,19.04.2025 14:00
19.04.2025,15:00,19.5,19.04.2025 15:00
19.04.2025,16:00,19,19.04.2025 16:00
19.04.2025,17:00,18.7,19.04.2025 17:00
19.04.2025,18:00,18.8,19.04.2025 18:00
19.04.2025,19:00,18.9,19.04.2025 19:00
19.04.2025,20:00,17.2,19.04.2025 20:00
19.04.2025,21:00,15.4,19.04.2025 21:00
19.04.2025,22:00,14.3,19.04.2025 22:00
19.04.2025,23:00,13.6,19.04.2025 23:00
19.04.2025,24:00,12.4,19.04.2025 24:00
20.04.2025,01:00,11.7,20.04.2025 01:00
20.04.2025,02:00,11.4,20.04.2025 02:00
20.04.2025,03:00,10.8,20.04.2025 03:00
20.04.2025,04:00,10.2,20.04.2025 04:00
20.04.2025,05:00,9.9,20.04.2025 05:00
20.04.2025,06:00,8.8,20.04.2025 06:00
20.04.2025,07:00,9.3,20.04.2025 07:00
20.04.2025,08:00,9.5,20.04.2025 08:00
20.04.2025,09:00,11.1,20.04.2025 09:00
20.04.2025,10:00,13.9,20.04.2025 10:00
20.04.2025,11:00,17.7,20.04.2025 11:00
20.04.2025,12:00,20,20.04.2025 12:00
20.04.2025,13:00,22.1,20.04.2025 13:00
20.04.2025,14:00,23.7,20.04.2025 14:00
20.04.2025,15:00,24.7,20.04.2025 15:00
20.04.2025,16:00,25.5,20.04.2025 16:00
20.04.2025,17:00,25.9,20.04.2025 17:00
20.04.2025,18:00,25.9,20.04.2025 18:00
20.04.2025,19:00,24.2,20.04.2025 19:00
20.04.2025,20:00,21.5,20.04.2025 20:00
20.04.2025,21:00,19.3,20.04.2025 21:00
20.04.2025,22:00,18,20.04.2025 22:00
20.04.2025,23:00,17.3,20.04.2025 23:00
20.04.2025,24:00,15.9,20.04.2025 24:00
21.04.2025,01:00,14.1,21.04.2025 01:00
21.04.2025,02:00,13.3,21.04.2025 02:00
21.04.2025,03:00,12.5,21.04.2025 03:00
21.04.2025,04:00,11.6,21.04.2025 04:00
21.04.2025,05:00,10.9,21.04.2025 05:00
21.04.2025,06:00,10.7,21.04.2025 06:00
21.04.2025,07:00,11.4,21.04.2025 07:00
21.04.2025,08:00,13.1,21.04.2025 08:00
21.04.2025,09:00,15.8,21.04.2025 09:00
21.04.2025,10:00,18.7,21.04.2025 10:00
21.04.2025,11:00,21.3,21.04.2025 11:00
21.04.2025,12:00,23.1,21.04.2025 12:00
21.04.2025,13:00,24.7,21.04.2025 13:00
21.04.2025,14:00,25.6,21.04.2025 14:00
21.04.2025,15:00,26,21.04.2025 15:00
21.04.2025,16:00,26.9,21.04.2025 16:00
21.04.2025,17:00,27.1,21.04.2025 17:00
21.04.2025,18:00,26.1,21.04.2025 18:00
21.04.2025,19:00,24.2,21.04.2025 19:00
21.04.2025,20:00,22.2,21.04.2025 20:00
21.04.2025,21:00,20.1,21.04.2025 21:00
21.04.2025,22:00,18.4,21.04.2025 22:00
21.04.2025,23:00,17.2,21.04.2025 23:00
21.04.2025,24:00,17.2,21.04.2025 24:00
22.04.2025,01:00,16.6,22.04.2025 01:00
22.04.2025,02:00,15,22.04.2025 02:00
22.04.2025,03:00,14.3,22.04.2025 03:00
22.04.2025,04:00,13.6,22.04.2025 04:00
22.04.2025,05:00,12.8,22.04.2025 05:00
22.04.2025,06:00,11.9,22.04.2025 06:00
22.04.2025,07:00,12.6,22.04.2025 07:00
22.04.2025,08:00,15.2,22.04.2025 08:00
22.04.2025,09:00,17.1,22.04.2025 09:00
22.04.2025,10:00,19.4,22.04.2025 10:00
22.04.2025,11:00,21.7,22.04.2025 11:00
22.04.2025,12:00,24.1,22.04.2025 12:00
22.04.2025,13:00,25.4,22.04.2025 13:00
22.04.2025,14:00,24.9,22.04.2025 14:00
22.04.2025,15:00,22.8,22.04.2025 15:00
22.04.2025,16:00,23.5,22.04.2025 16:00
22.04.2025,17:00,24.1,22.04.2025 17:00
22.04.2025,18:00,22.7,22.04.2025 18:00
22.04.2025,19:00,20.5,22.04.2025 19:00
22.04.2025,20:00,20,22.04.2025 20:00
22.04.2025,21:00,19.2,22.04.2025 21:00
22.04.2025,22:00,18.1,22.04.2025 22:00
22.04.2025,23:00,17.2,22.04.2025 23:00
22.04.2025,24:00,16.1,22.04.2025 24:00
23.04.2025,01:00,15.3,23.04.2025 01:00
23.04.2025,02:00,14.1,23.04.2025 02:00
23.04.2025,03:00,14,23.04.2025 03:00
23.04.2025,04:00,14.1,23.04.2025 04:00
23.04.2025,05:00,13.2,23.04.2025 05:00
23.04.2025,06:00,12.3,23.04.2025 06:00
23.04.2025,07:00,13.5,23.04.2025 07:00
23.04.2025,08:00,14.3,23.04.2025 08:00
23.04.2025,09:00,15.8,23.04.2025 09:00
23.04.2025,10:00,18.6,23.04.2025 10:00
23.04.2025,11:00,20.9,23.04.2025 11:00
23.04.2025,12:00,22.5,23.04.2025 12:00
23.04.2025,13:00,24.1,23.04.2025 13:00
23.04.2025,14:00,24.7,23.04.2025 14:00
23.04.2025,15:00,23.3,23.04.2025 15:00
23.04.2025,16:00,21.7,23.04.2025 16:00
23.04.2025,17:00,20.5,23.04.2025 17:00
23.04.2025,18:00,20.6,23.04.2025 18:00
23.04.2025,19:00,19.8,23.04.2025 19:00
23.04.2025,20:00,18.4,23.04.2025 20:00
23.04.2025,21:00,17.6,23.04.2025 21:00
23.04.2025,22:00,17.4,23.04.2025 22:00
23.04.2025,23:00,17.1,23.04.2025 23:00
23.04.2025,24:00,16.2,23.04.2025 24:00
24.04.2025,01:00,16,24.04.2025 01:00
24.04.2025,02:00,15.9,24.04.2025 02:00
24.04.2025,03:00,15.5,24.04.2025 03:00
24.04.2025,04:00,14.9,24.04.2025 04:00
24.04.2025,05:00,14.5,24.04.2025 05:00
24.04.2025,06:00,13.9,24.04.2025 06:00
24.04.2025,07:00,14.2,24.04.2025 07:00
24.04.2025,08:00,14.8,24.04.2025 08:00
24.04.2025,09:00,15.5,24.04.2025 09:00
24.04.2025,10:00,17,24.04.2025 10:00
24.04.2025,11:00,18.4,24.04.2025 11:00
24.04.2025,12:00,20.2,24.04.2025 12:00
24.04.2025,13:00,21.2,24.04.2025 13:00
24.04.2025,14:00,22.2,24.04.2025 14:00
24.04.2025,15:00,19.1,24.04.2025 15:00
24.04.2025,16:00,18.3,24.04.2025 16:00
24.04.2025,17:00,19.3,24.04.2025 17:00
24.04.2025,18:00,19.9,24.04.2025 18:00
24.04.2025,19:00,18.3,24.04.2025 19:00
24.04.2025,20:00,17.4,24.04.2025 20:00
24.04.2025,21:00,16.2,24.04.2025 21:00
24.04.2025,22:00,15.2,24.04.2025 22:00
24.04.2025,23:00,14.4,24.04.2025 23:00
24.04.2025,24:00,13.9,24.04.2025 24:00
25.04.2025,01:00,13,25.04.2025 01:00
25.04.2025,02:00,12.3,25.04.2025 02:00
25.04.2025,03:00,11.8,25.04.2025 03:00
25.04.2025,04:00,10.9,25.04.2025 04:00
25.04.2025,05:00,10.3,25.04.2025 05:00
25.04.2025,06:00,10.1,25.04.2025 06:00
25.04.2025,07:00,10.6,25.04.2025 07:00
25.04.2025,08:00,12.4,25.04.2025 08:00
25.04.2025,09:00,15,25.04.2025 09:00
25.04.2025,10:00,17.3,25.04.2025 10:00
25.04.2025,11:00,20.1,25.04.2025 11:00
25.04.2025,12:00,21.6,25.04.2025 12:00
25.04.2025,13:00,22.7,25.04.2025 13:00
25.04.2025,14:00,24,25.04.2025 14:00
25.04.2025,15:00,23.7,25.04.2025 15:00
25.04.2025,16:00,24.8,25.04.2025 16:00
25.04.2025,17:00,23.6,25.04.2025 17:00
25.04.2025,18:00,22.7,25.04.2025 18:00
25.04.2025,19:00,21.6,25.04.2025 19:00
25.04.2025,20:00,19.8,25.04.2025 20:00
25.04.2025,21:00,18.4,25.04.2025 21:00
25.04.2025,22:00,17.2,25.04.2025 22:00
25.04.2025,23:00,16.4,25.04.2025 23:00
25.04.2025,24:00,15.2,25.04.2025 24:00
26.04.2025,01:00,14.2,26.04.2025 01:00
26.04.2025,02:00,13.3,26.04.2025 02:00
26.04.2025,03:00,12.6,26.04.2025 03:00
26.04.2025,04:00,11.7,26.04.2025 04:00
26.04.2025,05:00,11.2,26.04.2025 05:00
26.04.2025,06:00,10.1,26.04.2025 06:00
26.04.2025,07:00,11.2,26.04.2025 07:00
26.04.2025,08:00,13.9,26.04.2025 08:00
26.04.2025,09:00,15.6,26.04.2025 09:00
26.04.2025,10:00,18,26.04.2025 10:00
26.04.2025,11:00,20.3,26.04.2025 11:00
26.04.2025,12:00,21.3,26.04.2025 12:00
26.04.2025,13:00,22.4,26.04.2025 13:00
26.04.2025,14:00,22.1,26.04.2025 14:00
26.04.2025,15:00,21.7,26.04.2025 15:00
26.04.2025,16:00,22.9,26.04.2025 16:00
26.04.2025,17:00,21.5,26.04.2025 17:00
26.04.2025,18:00,20.4,26.04.2025 18:00
26.04.2025,19:00,19.5,26.04.2025 19:00
26.04.2025,20:00,17.2,26.04.2025 20:00
26.04.2025,21:00,15.2,26.04.2025 21:00
26.04.2025,22:00,15.1,26.04.2025 22:00
26.04.2025,23:00,15,26.04.2025 23:00
26.04.2025,24:00,14.6,26.04.2025 24:00
27.04.2025,01:00,14,27.04.2025 01:00
27.04.2025,02:00,13.6,27.04.2025 02:00
27.04.2025,03:00,13.2,27.04.2025 03:00
27.04.2025,04:00,13.1,27.04.2025 04:00
27.04.2025,05:00,13,27.04.2025 05:00
27.04.2025,06:00,13.1,27.04.2025 06:00
27.04.2025,07:00,13.2,27.04.2025 07:00
27.04.2025,08:00,13.8,27.04.2025 08:00
27.04.2025,09:00,15.1,27.04.2025 09:00
27.04.2025,10:00,16.9,27.04.2025 10:00
27.04.2025,11:00,16.7,27.04.2025 11:00
27.04.2025,12:00,16.4,27.04.2025 12:00
27.04.2025,13:00,16.7,27.04.2025 13:00
27.04.2025,14:00,16.4,27.04.2025 14:00
27.04.2025,15:00,15.2,27.04.2025 15:00
27.04.2025,16:00,16,27.04.2025 16:00
27.04.2025,17:00,15.5,27.04.2025 17:00
27.04.2025,18:00,15.1,27.04.2025 18:00
27.04.2025,19:00,14.9,27.04.2025 19:00
27.04.2025,20:00,14.1,27.04.2025 20:00
27.04.2025,21:00,13.6,27.04.2025 21:00
27.04.2025,22:00,13.4,27.04.2025 22:00
27.04.2025,23:00,13.3,27.04.2025 23:00
27.04.2025,24:00,13.5,27.04.2025 24:00
28.04.2025,01:00,13.3,28.04.2025 01:00
28.04.2025,02:00,13.1,28.04.2025 02:00
28.04.2025,03:00,12.7,28.04.2025 03:00
28.04.2025,04:00,11.8,28.04.2025 04:00
28.04.2025,05:00,10.8,28.04.2025 05:00
28.04.2025,06:00,10.5,28.04.2025 06:00
28.04.2025,07:00,10.3,28.04.2025 07:00
28.04.2025,08:00,10.6,28.04.2025 08:00
28.04.2025,09:00,11.5,28.04.2025 09:00
28.04.2025,10:00,13.5,28.04.2025 10:00
28.04.2025,11:00,15.3,28.04.2025 11:00
28.04.2025,12:00,16.4,28.04.2025 12:00
28.04.2025,13:00,16.9,28.04.2025 13:00
28.04.2025,14:00,18,28.04.2025 14:00
28.04.2025,15:00,18.9,28.04.2025 15:00
28.04.2025,16:00,19.1,28.04.2025 16:00
28.04.2025,17:00,19.1,28.04.2025 17:00
28.04.2025,18:00,18.6,28.04.2025 18:00
28.04.2025,19:00,17.4,28.04.2025 19:00
28.04.2025,20:00,15.5,28.04.2025 20:00
28.04.2025,21:00,14.2,28.04.2025 21:00
28.04.2025,22:00,12.7,28.04.2025 22:00
28.04.2025,23:00,11.5,28.04.2025 23:00
28.04.2025,24:00,10.5,28.04.2025 24:00
29.04.2025,01:00,9.7,29.04.2025 01:00
29.04.2025,02:00,8.9,29.04.2025 02:00
29.04.2025,03:00,8.1,29.04.2025 03:00
29.04.2025,04:00,7.5,29.04.2025 04:00
29.04.2025,05:00,6.4,29.04.2025 05:00
29.04.2025,06:00,5.5,29.04.2025 06:00
29.04.2025,07:00,6.2,29.04.2025 07:00
29.04.2025,08:00,8.5,29.04.2025 08:00
29.04.2025,09:00,11,29.04.2025 09:00
29.04.2025,10:00,14.8,29.04.2025 10:00
29.04.2025,11:00,16.8,29.04.2025 11:00
29.04.2025,12:00,17.5,29.04.2025 12:00
29.04.2025,13:00,18.9,29.04.2025 13:00
29.04.2025,14:00,19.8,29.04.2025 14:00
29.04.2025,15:00,20,29.04.2025 15:00
29.04.2025,16:00,20.7,29.04.2025 16:00
29.04.2025,17:00,20.5,29.04.2025 17:00
29.04.2025,18:00,19.8,29.04.2025 18:00
29.04.2025,19:00,18.6,29.04.2025 19:00
29.04.2025,20:00,16.8,29.04.2025 20:00
29.04.2025,21:00,14.9,29.04.2025 21:00
29.04.2025,22:00,13.3,29.04.2025 22:00
29.04.2025,23:00,12.2,29.04.2025 23:00
29.04.2025,24:00,11.2,29.04.2025 24:00
30.04.2025,01:00,10.3,30.04.2025 01:00
30.04.2025,02:00,8.8,30.04.2025 02:00
30.04.2025,03:00,7.8,30.04.2025 03:00
30.04.2025,04:00,7.2,30.04.2025 04:00
30.04.2025,05:00,6.8,30.04.2025 05:00
30.04.2025,06:00,6.4,30.04.2025 06:00
30.04.2025,07:00,6.8,30.04.2025 07:00
30.04.2025,08:00,9.7,30.04.2025 08:00
30.04.2025,09:00,12.7,30.04.2025 09:00
30.04.2025,10:00,16.4,30.04.2025 10:00
30.04.2025,11:00,19.3,30.04.2025 11:00
30.04.2025,12:00,19.9,30.04.2025 12:00
30.04.2025,13:00,21.7,30.04.2025 13:00
30.04.2025,14:00,22.2,30.04.2025 14:00
30.04.2025,15:00,22.9,30.04.2025 15:00
30.04.2025,16:00,23.6,30.04.2025 16:00
30.04.2025,17:00,23.1,30.04.2025 17:00
30.04.2025,18:00,22.5,30.04.2025 18:00
30.04.2025,19:00,21.7,30.04.2025 19:00
30.04.2025,20:00,20.1,30.04.2025 20:00
30.04.2025,21:00,17.6,30.04.2025 21:00
30.04.2025,22:00,16.1,30.04.2025 22:00
30.04.2025,23:00,14.9,30.04.2025 23:00
30.04.2025,24:00,13.6,30.04.2025 24:00
01.05.2025,01:00,12.9,01.05.2025 01:00
01.05.2025,02:00,12.3,01.05.2025 02:00
01.05.2025,03:00,11.6,01.05.2025 03:00
01.05.2025,04:00,10.6,01.05.2025 04:00
01.05.2025,05:00,9.6,01.05.2025 05:00
01.05.2025,06:00,9.7,01.05.2025 06:00
01.05.2025,07:00,10.3,01.05.2025 07:00
01.05.2025,08:00,12.8,01.05.2025 08:00
01.05.2025,09:00,15,01.05.2025 09:00
01.05.2025,10:00,18,01.05.2025 10:00
01.05.2025,11:00,21.4,01.05.2025 11:00
01.05.2025,12:00,22.4,01.05.2025 12:00
01.05.2025,13:00,23.5,01.05.2025 13:00
01.05.2025,14:00,24.1,01.05.2025 14:00
01.05.2025,15:00,23.8,01.05.2025 15:00
01.05.2025,16:00,24.2,01.05.2025 16:00
01.05.2025,17:00,24.5,01.05.2025 17:00
01.05.2025,18:00,24.4,01.05.2025 18:00
01.05.2025,19:00,23.5,01.05.2025 19:00
01.05.2025,20:00,22.1,01.05.2025 20:00
01.05.2025,21:00,20.7,01.05.2025 21:00
01.05.2025,22:00,17.6,01.05.2025 22:00
01.05.2025,23:00,15.3,01.05.2025 23:00
01.05.2025,24:00,14.9,01.05.2025 24:00
02.05.2025,01:00,14.9,02.05.2025 01:00
02.05.2025,02:00,14.6,02.05.2025 02:00
02.05.2025,03:00,14.5,02.05.2025 03:00
02.05.2025,04:00,14,02.05.2025 04:00
02.05.2025,05:00,12.9,02.05.2025 05:00
02.05.2025,06:00,12.4,02.05.2025 06:00
02.05.2025,07:00,12.8,02.05.2025 07:00
02.05.2025,08:00,14.1,02.05.2025 08:00
02.05.2025,09:00,16.6,02.05.2025 09:00
02.05.2025,10:00,18.8,02.05.2025 10:00
02.05.2025,11:00,20.4,02.05.2025 11:00
02.05.2025,12:00,21.1,02.05.2025 12:00
02.05.2025,13:00,22.7,02.05.2025 13:00
02.05.2025,14:00,23.9,02.05.2025 14:00
02.05.2025,15:00,24.4,02.05.2025 15:00
02.05.2025,16:00,25,02.05.2025 16:00
02.05.2025,17:00,24.7,02.05.2025 17:00
02.05.2025,18:00,23.9,02.05.2025 18:00
02.05.2025,19:00,22.9,02.05.2025 19:00
02.05.2025,20:00,20.7,02.05.2025 20:00
02.05.2025,21:00,19,02.05.2025 21:00
02.05.2025,22:00,17.4,02.05.2025 22:00
02.05.2025,23:00,16.2,02.05.2025 23:00
02.05.2025,24:00,14.7,02.05.2025 24:00
03.05.2025,01:00,13.6,03.05.2025 01:00
03.05.2025,02:00,12.8,03.05.2025 02:00
03.05.2025,03:00,11.7,03.05.2025 03:00
03.05.2025,04:00,11.1,03.05.2025 04:00
03.05.2025,05:00,10.5,03.05.2025 05:00
03.05.2025,06:00,10.3,03.05.2025 06:00
03.05.2025,07:00,11.2,03.05.2025 07:00
03.05.2025,08:00,13.3,03.05.2025 08:00
03.05.2025,09:00,15.5,03.05.2025 09:00
03.05.2025,10:00,17.9,03.05.2025 10:00
03.05.2025,11:00,20.1,03.05.2025 11:00
03.05.2025,12:00,22.6,03.05.2025 12:00
03.05.2025,13:00,24.5,03.05.2025 13:00
03.05.2025,14:00,26.4,03.05.2025 14:00
03.05.2025,15:00,27.2,03.05.2025 15:00
03.05.2025,16:00,27.9,03.05.2025 16:00
03.05.2025,17:00,27.7,03.05.2025 17:00
03.05.2025,18:00,26.4,03.05.2025 18:00
03.05.2025,19:00,25.7,03.05.2025 19:00
03.05.2025,20:00,23.4,03.05.2025 20:00
03.05.2025,21:00,20.8,03.05.2025 21:00
03.05.2025,22:00,19.6,03.05.2025 22:00
03.05.2025,23:00,18.7,03.05.2025 23:00
03.05.2025,24:00,17.5,03.05.2025 24:00
04.05.2025,01:00,16.6,04.05.2025 01:00
04.05.2025,02:00,15,04.05.2025 02:00
04.05.2025,03:00,14.6,04.05.2025 03:00
04.05.2025,04:00,13.3,04.05.2025 04:00
04.05.2025,05:00,12.9,04.05.2025 05:00
04.05.2025,06:00,12.8,04.05.2025 06:00
04.05.2025,07:00,14.1,04.05.2025 07:00
04.05.2025,08:00,16.4,04.05.2025 08:00
04.05.2025,09:00,18,04.05.2025 09:00
04.05.2025,10:00,20.3,04.05.2025 10:00
04.05.2025,11:00,23.1,04.05.2025 11:00
04.05.2025,12:00,25.5,04.05.2025 12:00
04.05.2025,13:00,26.5,04.05.2025 13:00
04.05.2025,14:00,26.6,04.05.2025 14:00
04.05.2025,15:00,27.5,04.05.2025 15:00
04.05.2025,16:00,27.8,04.05.2025 16:00
04.05.2025,17:00,27.1,04.05.2025 17:00
04.05.2025,18:00,25.9,04.05.2025 18:00
04.05.2025,19:00,24.9,04.05.2025 19:00
04.05.2025,20:00,23.4,04.05.2025 20:00
04.05.2025,21:00,21.9,04.05.2025 21:00
04.05.2025,22:00,20.6,04.05.2025 22:00
04.05.2025,23:00,19.4,04.05.2025 23:00
04.05.2025,24:00,19.3,04.05.2025 24:00
05.05.2025,01:00,19,05.05.2025 01:00
05.05.2025,02:00,18.5,05.05.2025 02:00
05.05.2025,03:00,17.5,05.05.2025 03:00
05.05.2025,04:00,17.3,05.05.2025 04:00
05.05.2025,05:00,17.1,05.05.2025 05:00
05.05.2025,06:00,16.9,05.05.2025 06:00
05.05.2025,07:00,17.4,05.05.2025 07:00
05.05.2025,08:00,17.9,05.05.2025 08:00
05.05.2025,09:00,19.5,05.05.2025 09:00
05.05.2025,10:00,21.2,05.05.2025 10:00
05.05.2025,11:00,22.7,05.05.2025 11:00
05.05.2025,12:00,24.8,05.05.2025 12:00
05.05.2025,13:00,25.6,05.05.2025 13:00
05.05.2025,14:00,26.5,05.05.2025 14:00
05.05.2025,15:00,27.2,05.05.2025 15:00
05.05.2025,16:00,27.5,05.05.2025 16:00
05.05.2025,17:00,27.4,05.05.2025 17:00
05.05.2025,18:00,25.9,05.05.2025 18:00
05.05.2025,19:00,25.2,05.05.2025 19:00
05.05.2025,20:00,23.3,05.05.2025 20:00
05.05.2025,21:00,21.6,05.05.2025 21:00
05.05.2025,22:00,21,05.05.2025 22:00
05.05.2025,23:00,19.8,05.05.2025 23:00
05.05.2025,24:00,18.8,05.05.2025 24:00
06.05.2025,01:00,17.9,06.05.2025 01:00
06.05.2025,02:00,17.3,06.05.2025 02:00
06.05.2025,03:00,16.7,06.05.2025 03:00
06.05.2025,04:00,16.7,06.05.2025 04:00
06.05.2025,05:00,15.9,06.05.2025 05:00
06.05.2025,06:00,14.9,06.05.2025 06:00
06.05.2025,07:00,15.8,06.05.2025 07:00
06.05.2025,08:00,17.9,06.05.2025 08:00
06.05.2025,09:00,19.6,06.05.2025 09:00
06.05.2025,10:00,21.9,06.05.2025 10:00
06.05.2025,11:00,23.8,06.05.2025 11:00
06.05.2025,12:00,25.8,06.05.2025 12:00
06.05.2025,13:00,26.2,06.05.2025 13:00
06.05.2025,14:00,25.6,06.05.2025 14:00
06.05.2025,15:00,23.8,06.05.2025 15:00
06.05.2025,16:00,25.2,06.05.2025 16:00
06.05.2025,17:00,24.9,06.05.2025 17:00
06.05.2025,18:00,24.2,06.05.2025 18:00
06.05.2025,19:00,23.7,06.05.2025 19:00
06.05.2025,20:00,22.9,06.05.2025 20:00
06.05.2025,21:00,22.1,06.05.2025 21:00
06.05.2025,22:00,21.7,06.05.2025 22:00
06.05.2025,23:00,21.1,06.05.2025 23:00
06.05.2025,24:00,17.3,06.05.2025 24:00
07.05.2025,01:00,15.8,07.05.2025 01:00
07.05.2025,02:00,15.6,07.05.2025 02:00
07.05.2025,03:00,15.9,07.05.2025 03:00
07.05.2025,04:00,15.9,07.05.2025 04:00
07.05.2025,05:00,15.3,07.05.2025 05:00
07.05.2025,06:00,15,07.05.2025 06:00
07.05.2025,07:00,15.2,07.05.2025 07:00
07.05.2025,08:00,15,07.05.2025 08:00
07.05.2025,09:00,15.6,07.05.2025 09:00
07.05.2025,10:00,15.8,07.05.2025 10:00
07.05.2025,11:00,16.7,07.05.2025 11:00
07.05.2025,12:00,18.3,07.05.2025 12:00
07.05.2025,13:00,20.5,07.05.2025 13:00
07.05.2025,14:00,21.1,07.05.2025 14:00
07.05.2025,15:00,18.4,07.05.2025 15:00
07.05.2025,16:00,18.9,07.05.2025 16:00
07.05.2025,17:00,20.6,07.05.2025 17:00
07.05.2025,18:00,19.4,07.05.2025 18:00
07.05.2025,19:00,18.9,07.05.2025 19:00
07.05.2025,20:00,18,07.05.2025 20:00
07.05.2025,21:00,16.8,07.05.2025 21:00
07.05.2025,22:00,15.9,07.05.2025 22:00
07.05.2025,23:00,14.7,07.05.2025 23:00
07.05.2025,24:00,13.7,07.05.2025 24:00
08.05.2025,01:00,13.4,08.05.2025 01:00
08.05.2025,02:00,13.1,08.05.2025 02:00
08.05.2025,03:00,12.8,08.05.2025 03:00
08.05.2025,04:00,12.6,08.05.2025 04:00
08.05.2025,05:00,12.2,08.05.2025 05:00
08.05.2025,06:00,12,08.05.2025 06:00
08.05.2025,07:00,12.1,08.05.2025 07:00
08.05.2025,08:00,13.8,08.05.2025 08:00
08.05.2025,09:00,14.5,08.05.2025 09:00
08.05.2025,10:00,17.1,08.05.2025 10:00
08.05.2025,11:00,19.4,08.05.2025 11:00
08.05.2025,12:00,21.2,08.05.2025 12:00
08.05.2025,13:00,22,08.05.2025 13:00
08.05.2025,14:00,22.3,08.05.2025 14:00
08.05.2025,15:00,23.3,08.05.2025 15:00
08.05.2025,16:00,23.2,08.05.2025 16:00
08.05.2025,17:00,23.3,08.05.2025 17:00
08.05.2025,18:00,23.4,08.05.2025 18:00
08.05.2025,19:00,23,08.05.2025 19:00
08.05.2025,20:00,20.7,08.05.2025 20:00
08.05.2025,21:00,18.8,08.05.2025 21:00
08.05.2025,22:00,18.7,08.05.2025 22:00
08.05.2025,23:00,17.3,08.05.2025 23:00
08.05.2025,24:00,15.6,08.05.2025 24:00
09.05.2025,01:00,14.8,09.05.2025 01:00
09.05.2025,02:00,14.5,09.05.2025 02:00
09.05.2025,03:00,14.4,09.05.2025 03:00
09.05.2025,04:00,13.9,09.05.2025 04:00
09.05.2025,05:00,13.2,09.05.2025 05:00
09.05.2025,06:00,13,09.05.2025 06:00
09.05.2025,07:00,13.2,09.05.2025 07:00
09.05.2025,08:00,14,09.05.2025 08:00
09.05.2025,09:00,15.2,09.05.2025 09:00
09.05.2025,10:00,16.4,09.05.2025 10:00
09.05.2025,11:00,17.7,09.05.2025 11:00
09.05.2025,12:00,18.4,09.05.2025 12:00
09.05.2025,13:00,19.6,09.05.2025 13:00
09.05.2025,14:00,19.9,09.05.2025 14:00
09.05.2025,15:00,20.3,09.05.2025 15:00
09.05.2025,16:00,21.2,09.05.2025 16:00
09.05.2025,17:00,21.2,09.05.2025 17:00
09.05.2025,18:00,21,09.05.2025 18:00
09.05.2025,19:00,20.2,09.05.2025 19:00
09.05.2025,20:00,18.3,09.05.2025 20:00
09.05.2025,21:00,17,09.05.2025 21:00
09.05.2025,22:00,15.8,09.05.2025 22:00
09.05.2025,23:00,15.3,09.05.2025 23:00
09.05.2025,24:00,15.2,09.05.2025 24:00
10.05.2025,01:00,14.9,10.05.2025 01:00
10.05.2025,02:00,14.8,10.05.2025 02:00
10.05.2025,03:00,14.6,10.05.2025 03:00
10.05.2025,04:00,13.9,10.05.2025 04:00
10.05.2025,05:00,13.7,10.05.2025 05:00
10.05.2025,06:00,13.7,10.05.2025 06:00
10.05.2025,07:00,13.5,10.05.2025 07:00
10.05.2025,08:00,13.7,10.05.2025 08:00
10.05.2025,09:00,15.3,10.05.2025 09:00
10.05.2025,10:00,15.9,10.05.2025 10:00
10.05.2025,11:00,17.6,10.05.2025 11:00
10.05.2025,12:00,18.5,10.05.2025 12:00
10.05.2025,13:00,18.7,10.05.2025 13:00
10.05.2025,14:00,18.4,10.05.2025 14:00
10.05.2025,15:00,19.2,10.05.2025 15:00
10.05.2025,16:00,18.4,10.05.2025 16:00
10.05.2025,17:00,17.8,10.05.2025 17:00
10.05.2025,18:00,17.1,10.05.2025 18:00
10.05.2025,19:00,15.9,10.05.2025 19:00
10.05.2025,20:00,14.7,10.05.2025 20:00
10.05.2025,21:00,14.3,10.05.2025 21:00
10.05.2025,22:00,14.3,10.05.2025 22:00
10.05.2025,23:00,13.8,10.05.2025 23:00
10.05.2025,24:00,12.6,10.05.2025 24:00
11.05.2025,01:00,12,11.05.2025 01:00
11.05.2025,02:00,11.4,11.05.2025 02:00
11.05.2025,03:00,11.1,11.05.2025 03:00
11.05.2025,04:00,10.1,11.05.2025 04:00
11.05.2025,05:00,9.3,11.05.2025 05:00
11.05.2025,06:00,9,11.05.2025 06:00
11.05.2025,07:00,9.7,11.05.2025 07:00
11.05.2025,08:00,12.9,11.05.2025 08:00
11.05.2025,09:00,14.2,11.05.2025 09:00
11.05.2025,10:00,15.9,11.05.2025 10:00
11.05.2025,11:00,18.3,11.05.2025 11:00
11.05.2025,12:00,19.2,11.05.2025 12:00
11.05.2025,13:00,20.5,11.05.2025 13:00
11.05.2025,14:00,21,11.05.2025 14:00
11.05.2025,15:00,21.8,11.05.2025 15:00
11.05.2025,16:00,22.9,11.05.2025 16:00
11.05.2025,17:00,22.6,11.05.2025 17:00
11.05.2025,18:00,22.9,11.05.2025 18:00
11.05.2025,19:00,21.8,11.05.2025 19:00
11.05.2025,20:00,20.6,11.05.2025 20:00
11.05.2025,21:00,19.2,11.05.2025 21:00
11.05.2025,22:00,17.6,11.05.2025 22:00
11.05.2025,23:00,16.9,11.05.2025 23:00
11.05.2025,24:00,15.3,11.05.2025 24:00
12.05.2025,01:00,14.2,12.05.2025 01:00
12.05.2025,02:00,14,12.05.2025 02:00
12.05.2025,03:00,14.3,12.05.2025 03:00
12.05.2025,04:00,13,12.05.2025 04:00
12.05.2025,05:00,12.2,12.05.2025 05:00
12.05.2025,06:00,12.9,12.05.2025 06:00
12.05.2025,07:00,13.9,12.05.2025 07:00
12.05.2025,08:00,16.8,12.05.2025 08:00
12.05.2025,09:00,17.4,12.05.2025 09:00
12.05.2025,10:00,18.4,12.05.2025 10:00
12.05.2025,11:00,19.7,12.05.2025 11:00
12.05.2025,12:00,20.4,12.05.2025 12:00
12.05.2025,13:00,21.1,12.05.2025 13:00
12.05.2025,14:00,20.2,12.05.2025 14:00
12.05.2025,15:00,20.4,12.05.2025 15:00
12.05.2025,16:00,20.7,12.05.2025 16:00
12.05.2025,17:00,20.4,12.05.2025 17:00
12.05.2025,18:00,19.5,12.05.2025 18:00
12.05.2025,19:00,18,12.05.2025 19:00
12.05.2025,20:00,16.2,12.05.2025 20:00
12.05.2025,21:00,15.5,12.05.2025 21:00
12.05.2025,22:00,15.3,12.05.2025 22:00
12.05.2025,23:00,14.9,12.05.2025 23:00
12.05.2025,24:00,14.3,12.05.2025 24:00
13.05.2025,01:00,12.6,13.05.2025 01:00
13.05.2025,02:00,11.3,13.05.2025 02:00
13.05.2025,03:00,10.8,13.05.2025 03:00
13.05.2025,04:00,10.8,13.05.2025 04:00
13.05.2025,05:00,11,13.05.2025 05:00
13.05.2025,06:00,11,13.05.2025 06:00
13.05.2025,07:00,11.9,13.05.2025 07:00
13.05.2025,08:00,14.1,13.05.2025 08:00
13.05.2025,09:00,13.8,13.05.2025 09:00
13.05.2025,10:00,14.7,13.05.2025 10:00
13.05.2025,11:00,16,13.05.2025 11:00
13.05.2025,12:00,16,13.05.2025 12:00
13.05.2025,13:00,17.4,13.05.2025 13:00
13.05.2025,14:00,17.6,13.05.2025 14:00
13.05.2025,15:00,17.8,13.05.2025 15:00
13.05.2025,16:00,18.5,13.05.2025 16:00
13.05.2025,17:00,17.8,13.05.2025 17:00
13.05.2025,18:00,16.7,13.05.2025 18:00
13.05.2025,19:00,15.8,13.05.2025 19:00
13.05.2025,20:00,15.1,13.05.2025 20:00
13.05.2025,21:00,14,13.05.2025 21:00
13.05.2025,22:00,12.7,13.05.2025 22:00
13.05.2025,23:00,11.9,13.05.2025 23:00
13.05.2025,24:00,11.6,13.05.2025 24:00
14.05.2025,01:00,10.9,14.05.2025 01:00
14.05.2025,02:00,10.2,14.05.2025 02:00
14.05.2025,03:00,9.7,14.05.2025 03:00
14.05.2025,04:00,9.1,14.05.2025 04:00
14.05.2025,05:00,8,14.05.2025 05:00
14.05.2025,06:00,7.7,14.05.2025 06:00
14.05.2025,07:00,8.2,14.05.2025 07:00
14.05.2025,08:00,9.4,14.05.2025 08:00
14.05.2025,09:00,11.9,14.05.2025 09:00
14.05.2025,10:00,13.9,14.05.2025 10:00
14.05.2025,11:00,15.7,14.05.2025 11:00
14.05.2025,12:00,17.1,14.05.2025 12:00
14.05.2025,13:00,18.6,14.05.2025 13:00
14.05.2025,14:00,19.4,14.05.2025 14:00
14.05.2025,15:00,19.9,14.05.2025 15:00
14.05.2025,16:00,20.4,14.05.2025 16:00
14.05.2025,17:00,20.8,14.05.2025 17:00
14.05.2025,18:00,20.6,14.05.2025 18:00
14.05.2025,19:00,19.8,14.05.2025 19:00
14.05.2025,20:00,18.2,14.05.2025 20:00
14.05.2025,21:00,16.3,14.05.2025 21:00
14.05.2025,22:00,14.1,14.05.2025 22:00
14.05.2025,23:00,12.9,14.05.2025 23:00
14.05.2025,24:00,11.4,14.05.2025 24:00
15.05.2025,01:00,10.2,15.05.2025 01:00
15.05.2025,02:00,9.1,15.05.2025 02:00
15.05.2025,03:00,8.4,15.05.2025 03:00
15.05.2025,04:00,7.7,15.05.2025 04:00
15.05.2025,05:00,7.4,15.05.2025 05:00
15.05.2025,06:00,7.6,15.05.2025 06:00
15.05.2025,07:00,10,15.05.2025 07:00
15.05.2025,08:00,13.4,15.05.2025 08:00
15.05.2025,09:00,14.6,15.05.2025 09:00
15.05.2025,10:00,16.1,15.05.2025 10:00
15.05.2025,11:00,18.9,15.05.2025 11:00
15.05.2025,12:00,21.5,15.05.2025 12:00
15.05.2025,13:00,22.6,15.05.2025 13:00
15.05.2025,14:00,23.3,15.05.2025 14:00
15.05.2025,15:00,23.9,15.05.2025 15:00
15.05.2025,16:00,24.5,15.05.2025 16:00
15.05.2025,17:00,24.3,15.05.2025 17:00
15.05.2025,18:00,23.6,15.05.2025 18:00
15.05.2025,19:00,22.9,15.05.2025 19:00
15.05.2025,20:00,21.6,15.05.2025 20:00
15.05.2025,21:00,19.8,15.05.2025 21:00
15.05.2025,22:00,18.6,15.05.2025 22:00
15.05.2025,23:00,18,15.05.2025 23:00
15.05.2025,24:00,17.6,15.05.2025 24:00
16.05.2025,01:00,17.5,16.05.2025 01:00
16.05.2025,02:00,17.5,16.05.2025 02:00
16.05.2025,03:00,17.6,16.05.2025 03:00
16.05.2025,04:00,16.6,16.05.2025 04:00
16.05.2025,05:00,15.7,16.05.2025 05:00
16.05.2025,06:00,15,16.05.2025 06:00
16.05.2025,07:00,14.6,16.05.2025 07:00
16.05.2025,08:00,14.5,16.05.2025 08:00
16.05.2025,09:00,14.6,16.05.2025 09:00
16.05.2025,10:00,14.8,16.05.2025 10:00
16.05.2025,11:00,14.7,16.05.2025 11:00
16.05.2025,12:00,15.1,16.05.2025 12:00
16.05.2025,13:00,13.1,16.05.2025 13:00
16.05.2025,14:00,11.6,16.05.2025 14:00
16.05.2025,15:00,11.4,16.05.2025 15:00
16.05.2025,16:00,11.1,16.05.2025 16:00
16.05.2025,17:00,10.4,16.05.2025 17:00
16.05.2025,18:00,9.5,16.05.2025 18:00
16.05.2025,19:00,8.6,16.05.2025 19:00
16.05.2025,20:00,8,16.05.2025 20:00
16.05.2025,21:00,7.6,16.05.2025 21:00
16.05.2025,22:00,7.5,16.05.2025 22:00
16.05.2025,23:00,7.5,16.05.2025 23:00
16.05.2025,24:00,7.5,16.05.2025 24:00
17.05.2025,01:00,7.7,17.05.2025 01:00
17.05.2025,02:00,8.1,17.05.2025 02:00
17.05.2025,03:00,8,17.05.2025 03:00
17.05.2025,04:00,8.2,17.05.2025 04:00
17.05.2025,05:00,8.1,17.05.2025 05:00
17.05.2025,06:00,8.3,17.05.2025 06:00
17.05.2025,07:00,9.4,17.05.2025 07:00
17.05.2025,08:00,10.4,17.05.2025 08:00
17.05.2025,09:00,11.2,17.05.2025 09:00
17.05.2025,10:00,12.7,17.05.2025 10:00
17.05.2025,11:00,13.6,17.05.2025 11:00
17.05.2025,12:00,14.2,17.05.2025 12:00
17.05.2025,13:00,15.4,17.05.2025 13:00
17.05.2025,14:00,15.2,17.05.2025 14:00
17.05.2025,15:00,16.1,17.05.2025 15:00
17.05.2025,16:00,17,17.05.2025 16:00
17.05.2025,17:00,17.5,17.05.2025 17:00
17.05.2025,18:00,17.3,17.05.2025 18:00
17.05.2025,19:00,16.6,17.05.2025 19:00
17.05.2025,20:00,15.2,17.05.2025 20:00
17.05.2025,21:00,13.4,17.05.2025 21:00
17.05.2025,22:00,13.4,17.05.2025 22:00
17.05.2025,23:00,12.9,17.05.2025 23:00
17.05.2025,24:00,12.3,17.05.2025 24:00
18.05.2025,01:00,11.9,18.05.2025 01:00
18.05.2025,02:00,11.1,18.05.2025 02:00
18.05.2025,03:00,10.4,18.05.2025 03:00
18.05.2025,04:00,9.1,18.05.2025 04:00
18.05.2025,05:00,8.3,18.05.2025 05:00
18.05.2025,06:00,7.9,18.05.2025 06:00
18.05.2025,07:00,11.1,18.05.2025 07:00
18.05.2025,08:00,14.5,18.05.2025 08:00
18.05.2025,09:00,16.1,18.05.2025 09:00
18.05.2025,10:00,16.4,18.05.2025 10:00
18.05.2025,11:00,17.4,18.05.2025 11:00
18.05.2025,12:00,18.3,18.05.2025 12:00
18.05.2025,13:00,19.3,18.05.2025 13:00
18.05.2025,14:00,20.8,18.05.2025 14:00
18.05.2025,15:00,21.2,18.05.2025 15:00
18.05.2025,16:00,21.4,18.05.2025 16:00
18.05.2025,17:00,21.9,18.05.2025 17:00
18.05.2025,18:00,22,18.05.2025 18:00
18.05.2025,19:00,21.3,18.05.2025 19:00
18.05.2025,20:00,19.4,18.05.2025 20:00
18.05.2025,21:00,17.6,18.05.2025 21:00
18.05.2025,22:00,17.2,18.05.2025 22:00
18.05.2025,23:00,16.4,18.05.2025 23:00
18.05.2025,24:00,15.3,18.05.2025 24:00
19.05.2025,01:00,14.1,19.05.2025 01:00
19.05.2025,02:00,12.6,19.05.2025 02:00
19.05.2025,03:00,11.7,19.05.2025 03:00
19.05.2025,04:00,11,19.05.2025 04:00
19.05.2025,05:00,10.2,19.05.2025 05:00
19.05.2025,06:00,9.7,19.05.2025 06:00
19.05.2025,07:00,12.2,19.05.2025 07:00
19.05.2025,08:00,16.8,19.05.2025 08:00
19.05.2025,09:00,18.4,19.05.2025 09:00
19.05.2025,10:00,19.5,19.05.2025 10:00
19.05.2025,11:00,21,19.05.2025 11:00
19.05.2025,12:00,22.1,19.05.2025 12:00
19.05.2025,13:00,23,19.05.2025 13:00
19.05.2025,14:00,23.2,19.05.2025 14:00
19.05.2025,15:00,22.7,19.05.2025 15:00
19.05.2025,16:00,21.1,19.05.2025 16:00
19.05.2025,17:00,21.2,19.05.2025 17:00
19.05.2025,18:00,20.8,19.05.2025 18:00
19.05.2025,19:00,19.7,19.05.2025 19:00
19.05.2025,20:00,18.6,19.05.2025 20:00
19.05.2025,21:00,15.2,19.05.2025 21:00
19.05.2025,22:00,15.4,19.05.2025 22:00
19.05.2025,23:00,14.8,19.05.2025 23:00
19.05.2025,24:00,14.3,19.05.2025 24:00
20.05.2025,01:00,13.7,20.05.2025 01:00
20.05.2025,02:00,13,20.05.2025 02:00
20.05.2025,03:00,11.6,20.05.2025 03:00
20.05.2025,04:00,11.4,20.05.2025 04:00
20.05.2025,05:00,12.6,20.05.2025 05:00
20.05.2025,06:00,13.9,20.05.2025 06:00
20.05.2025,07:00,15.7,20.05.2025 07:00
20.05.2025,08:00,18.7,20.05.2025 08:00
20.05.2025,09:00,19.1,20.05.2025 09:00
20.05.2025,10:00,18.9,20.05.2025 10:00
20.05.2025,11:00,20.3,20.05.2025 11:00
20.05.2025,12:00,20.9,20.05.2025 12:00
20.05.2025,13:00,22.4,20.05.2025 13:00
20.05.2025,14:00,23.2,20.05.2025 14:00
20.05.2025,15:00,23.1,20.05.2025 15:00
20.05.2025,16:00,,20.05.2025 16:00
20.05.2025,17:00,,20.05.2025 17:00
20.05.2025,18:00,,20.05.2025 18:00
20.05.2025,19:00,,20.05.2025 19:00
20.05.2025,20:00,,20.05.2025 20:00
20.05.2025,21:00,,20.05.2025 21:00
20.05.2025,22:00,,20.05.2025 22:00
20.05.2025,23:00,,20.05.2025 23:00
20.05.2025,24:00,,20.05.2025 24:00
